algorithm,seed,phase,attack_type,train_episodes,test_episodes,total_timesteps,training_time_sec,fps,episodes,reward_total_mean,reward_total_std,reward_total_ci95,reward_mean_per_step_mean,reward_mean_per_step_std,reward_mean_per_step_ci95,attack_suppression_rate_mean,attack_suppression_rate_std,attack_suppression_rate_ci95,legitimate_preservation_rate_mean,legitimate_preservation_rate_std,legitimate_preservation_rate_ci95,false_positive_rate_mean,false_positive_rate_std,false_positive_rate_ci95,false_negative_rate_mean,false_negative_rate_std,false_negative_rate_ci95,service_availability_mean_mean,service_availability_mean_std,service_availability_mean_ci95,mitigation_delay_ms_mean_mean,mitigation_delay_ms_mean_std,mitigation_delay_ms_mean_ci95,attack_intensity_observed_mean_mean,attack_intensity_observed_mean_std,attack_intensity_observed_mean_ci95,model_path
PPO,42,Early Phase,low_rate_http_flood,150,20,1200,50.979,23.539,20,56566.21857476578,98.30166750334665,43.082605324456765,707.0777321845723,1.2287708437918392,0.5385325665557122,0.6591691118090542,0.0030424883706428223,0.0013334293202319455,0.9326219898238044,0.0013925390779058057,0.0006103071597463622,0.06737801017619571,0.0013925390779058024,0.0006103071597463609,0.34083088819094565,0.003042488370642814,0.0013334293202319418,0.9281526675514993,0.0011213279863516636,0.0004914436581008342,108.66466820837074,1.9927800541336345,0.8733743663887094,0.23343046572610837,0.004818159200099549,0.002111651373576366,./results_revised_5h\ppo_Early_Phase_seed_42.zip
A2C,42,Early Phase,low_rate_http_flood,150,20,1200,51.395,23.349,20,56852.29865907164,97.88040081153866,42.8979770563871,710.6537332383955,1.2235050101442342,0.5362247132048391,0.7750407174902804,0.0029406976913310848,0.0012888175880622279,0.8644260874943164,0.0013694708495467296,0.0006001970629070113,0.13557391250568365,0.0013694708495467234,0.0006001970629070086,0.2249592825097196,0.0029406976913310887,0.0012888175880622296,0.9177927696154076,0.0011188796600219207,0.0004903706317763702,180.51062875276483,2.0636566406351116,0.904437400013077,0.23343046572610837,0.004818159200099549,0.002111651373576366,./results_revised_5h\a2c_Early_Phase_seed_42.zip
DQN,42,Early Phase,low_rate_http_flood,150,20,1200,51.52,23.292,20,56566.21857476578,98.30166750334665,43.082605324456765,707.0777321845723,1.2287708437918392,0.5385325665557122,0.6591691118090542,0.0030424883706428223,0.0013334293202319455,0.9326219898238044,0.0013925390779058057,0.0006103071597463622,0.06737801017619571,0.0013925390779058024,0.0006103071597463609,0.34083088819094565,0.003042488370642814,0.0013334293202319418,0.9281526675514993,0.0011213279863516636,0.0004914436581008342,108.66466820837074,1.9927800541336345,0.8733743663887094,0.23343046572610837,0.004818159200099549,0.002111651373576366,./results_revised_5h\dqn_Early_Phase_seed_42.zip
SAC,42,Early Phase,low_rate_http_flood,150,20,1200,59.176,20.279,20,56566.21857476578,98.30166750334665,43.082605324456765,707.0777321845723,1.2287708437918392,0.5385325665557122,0.6591691118090542,0.0030424883706428223,0.0013334293202319455,0.9326219898238044,0.0013925390779058057,0.0006103071597463622,0.06737801017619571,0.0013925390779058024,0.0006103071597463609,0.34083088819094565,0.003042488370642814,0.0013334293202319418,0.9281526675514993,0.0011213279863516636,0.0004914436581008342,108.66466820837074,1.9927800541336345,0.8733743663887094,0.23343046572610837,0.004818159200099549,0.002111651373576366,./results_revised_5h\sac_Early_Phase_seed_42.zip
TD3,42,Early Phase,low_rate_http_flood,150,20,1200,58.109,20.651,20,56566.21857476578,98.30166750334665,43.082605324456765,707.0777321845723,1.2287708437918392,0.5385325665557122,0.6591691118090542,0.0030424883706428223,0.0013334293202319455,0.9326219898238044,0.0013925390779058057,0.0006103071597463622,0.06737801017619571,0.0013925390779058024,0.0006103071597463609,0.34083088819094565,0.003042488370642814,0.0013334293202319418,0.9281526675514993,0.0011213279863516636,0.0004914436581008342,108.66466820837074,1.9927800541336345,0.8733743663887094,0.23343046572610837,0.004818159200099549,0.002111651373576366,./results_revised_5h\td3_Early_Phase_seed_42.zip
Baseline,42,Early Phase,low_rate_http_flood,0,20,0,0.0,0.0,20,38890.95564847305,141.68224752773924,62.094982788687375,486.1369456059132,1.7710280940967413,0.7761872848585927,0.09578195787982906,0.0026156387618419714,0.0011463542309081579,0.9881141734355905,0.0011375483840518205,0.000498552560829242,0.011885826564409376,0.0011375483840518228,0.000498552560829243,0.904218042120171,0.002615638761841988,0.0011463542309081652,0.8649048700539211,0.0023652706338910616,0.0010366255608226286,92.78822096726648,2.055785323319119,0.9009876430972349,0.23343046572610837,0.004818159200099549,0.002111651373576366,
PPO,42,Mid Phase,mixed_tcp_http_flood,375,25,3000,130.814,22.933,25,68298.9181272571,122.52376339365081,48.029315250311114,682.9891812725708,1.2252376339365052,0.48029315250311005,0.6921445346037784,0.0029688852053009964,0.0011638030004779906,0.9147866865358506,0.001281255327773963,0.0005022520884873934,0.0852133134641494,0.0012812553277739794,0.0005022520884873999,0.30785546539622155,0.0029688852053009977,0.001163803000477991,0.8856801772705964,0.0009457049302092661,0.0003707163326420323,122.46292707410724,1.9654104182484409,0.7704408839533887,0.4554386356612978,0.0060351828066295115,0.0023657916601987684,./results_revised_5h\ppo_Mid_Phase_seed_42.zip
A2C,42,Mid Phase,mixed_tcp_http_flood,375,25,3000,127.643,23.503,25,70625.58756653576,121.11630693019418,47.47759231663612,706.2558756653577,1.211163069301937,0.47477592316635936,0.8063327572010701,0.0026133508382099563,0.0010244335285783028,0.8767112511204952,0.001260840196819592,0.00049424935715328,0.12328874887950478,0.001260840196819585,0.0004942493571532773,0.1936672427989299,0.002613350838209959,0.001024433528578304,0.8992371963460257,0.0009666987064301853,0.0003789458929206326,209.36996873224172,2.0910514151215116,0.8196921547276326,0.4554386356612978,0.0060351828066295115,0.0023657916601987684,./results_revised_5h\a2c_Mid_Phase_seed_42.zip
DQN,42,Mid Phase,mixed_tcp_http_flood,375,25,3000,139.479,21.509,25,68291.48795500137,120.59218577071428,47.27213682212,682.9148795500136,1.2059218577071398,0.4727213682211988,0.6917564993726412,0.002709121669285891,0.0010619756943600694,0.9149092255627762,0.001277169439875927,0.0005006504204313634,0.08509077443722378,0.001277169439875941,0.0005006504204313689,0.30824350062735895,0.0027091216692858937,0.0010619756943600705,0.8856273314494044,0.0009279445709010981,0.00036375427179323043,122.16294609627299,1.7771328988364452,0.6966360963438866,0.4554386356612978,0.0060351828066295115,0.0023657916601987684,./results_revised_5h\dqn_Mid_Phase_seed_42.zip
SAC,42,Mid Phase,mixed_tcp_http_flood,375,25,3000,153.524,19.541,25,70625.58756653576,121.11630693019418,47.47759231663612,706.2558756653577,1.211163069301937,0.47477592316635936,0.8063327572010701,0.0026133508382099563,0.0010244335285783028,0.8767112511204952,0.001260840196819592,0.00049424935715328,0.12328874887950478,0.001260840196819585,0.0004942493571532773,0.1936672427989299,0.002613350838209959,0.001024433528578304,0.8992371963460257,0.0009666987064301853,0.0003789458929206326,209.36996873224172,2.0910514151215116,0.8196921547276326,0.4554386356612978,0.0060351828066295115,0.0023657916601987684,./results_revised_5h\sac_Mid_Phase_seed_42.zip
TD3,42,Mid Phase,mixed_tcp_http_flood,375,25,3000,144.975,20.693,25,68291.48795500137,120.59218577071428,47.27213682212,682.9148795500136,1.2059218577071398,0.4727213682211988,0.6917564993726412,0.002709121669285891,0.0010619756943600694,0.9149092255627762,0.001277169439875927,0.0005006504204313634,0.08509077443722378,0.001277169439875941,0.0005006504204313689,0.30824350062735895,0.0027091216692858937,0.0010619756943600705,0.8856273314494044,0.0009279445709010981,0.00036375427179323043,122.16294609627299,1.7771328988364452,0.6966360963438866,0.4554386356612978,0.0060351828066295115,0.0023657916601987684,./results_revised_5h\td3_Mid_Phase_seed_42.zip
Baseline,42,Mid Phase,mixed_tcp_http_flood,0,25,0,0.0,0.0,25,53055.91588419048,138.68408420668422,54.36416100902021,530.5591588419048,1.386840842066859,0.5436416100902087,0.5040438217608275,0.0026641503520729694,0.001044346938012604,0.8165059588922867,0.001274840921483865,0.000499737641221675,0.18349404110771328,0.0012748409214838653,0.0004997376412216751,0.4959561782391724,0.0026641503520729755,0.0010443469380126062,0.803045422213673,0.0012386706300176304,0.00048555888696691113,174.81558237562874,2.0580040378363607,0.8067375828318534,0.4554386356612978,0.0060351828066295115,0.0023657916601987684,
PPO,42,Extended Phase,bursty_ddos,650,30,5200,204.779,25.393,30,78133.00031494109,176.16399391778813,63.03947561546396,651.1083359578424,1.4680332826482334,0.5253289634621993,0.7193003463541949,0.003126542986821633,0.0011188190389826334,0.8887690422854724,0.001156902004067332,0.0004139920653077326,0.11123095771452769,0.0011569020040673264,0.00041399206530773065,0.280699653645805,0.0031265429868216356,0.0011188190389826342,0.8450155179411339,0.0012727891470887076,0.00045546174684805404,142.01403882334125,1.4857680720551223,0.5316752763465603,0.6910160012915486,0.009586396262104181,0.003430447845585942,./results_revised_5h\ppo_Extended_Phase_seed_42.zip
A2C,42,Extended Phase,bursty_ddos,650,30,5200,224.895,23.122,30,82688.35200166126,325.77156169766374,116.57585618452431,689.0696000138439,2.7147630141471923,0.9714654682043673,0.8111974799792931,0.005462750742677129,0.0019548202477576767,0.8860403499567785,0.0012053556586849167,0.0004313309829311081,0.11395965004322148,0.001205355658684913,0.00043133098293110674,0.1888025200207069,0.005462750742677124,0.001954820247757675,0.8773043280984094,0.0023873882034615183,0.0008543158967376363,218.93498390557326,4.312931927750315,1.543362869131218,0.6910160012915486,0.009586396262104181,0.003430447845585942,./results_revised_5h\a2c_Extended_Phase_seed_42.zip
DQN,42,Extended Phase,bursty_ddos,650,30,5200,204.225,25.462,30,83942.94761155658,179.09173425006716,64.08715403816846,699.5245634296382,1.4924311187505581,0.5340596169847366,0.8364383257240109,0.002855052634213527,0.0010216674640072191,0.885300171940951,0.001157726325255795,0.0004142870448566391,0.11469982805904887,0.0011577263252557943,0.0004142870448566388,0.16356167427598906,0.0028550526342135236,0.0010216674640072178,0.8861671070485592,0.0012400147959809626,0.0004437335959273072,240.04611899124257,1.7973887298477937,0.6431872966028879,0.6910160012915486,0.009586396262104181,0.003430447845585942,./results_revised_5h\dqn_Extended_Phase_seed_42.zip
SAC,42,Extended Phase,bursty_ddos,650,30,5200,251.304,20.692,30,83942.94761155658,179.09173425006716,64.08715403816846,699.5245634296382,1.4924311187505581,0.5340596169847366,0.8364383257240109,0.002855052634213527,0.0010216674640072191,0.885300171940951,0.001157726325255795,0.0004142870448566391,0.11469982805904887,0.0011577263252557943,0.0004142870448566388,0.16356167427598906,0.0028550526342135236,0.0010216674640072178,0.8861671070485592,0.0012400147959809626,0.0004437335959273072,240.04611899124257,1.7973887298477937,0.6431872966028879,0.6910160012915486,0.009586396262104181,0.003430447845585942,./results_revised_5h\sac_Extended_Phase_seed_42.zip
TD3,42,Extended Phase,bursty_ddos,650,30,5200,243.812,21.328,30,78133.00031494109,176.16399391778813,63.03947561546396,651.1083359578424,1.4680332826482334,0.5253289634621993,0.7193003463541949,0.003126542986821633,0.0011188190389826334,0.8887690422854724,0.001156902004067332,0.0004139920653077326,0.11123095771452769,0.0011569020040673264,0.00041399206530773065,0.280699653645805,0.0031265429868216356,0.0011188190389826342,0.8450155179411339,0.0012727891470887076,0.00045546174684805404,142.01403882334125,1.4857680720551223,0.5316752763465603,0.6910160012915486,0.009586396262104181,0.003430447845585942,./results_revised_5h\td3_Extended_Phase_seed_42.zip
Baseline,42,Extended Phase,bursty_ddos,0,30,0,0.0,0.0,30,78133.00031494109,176.16399391778813,63.03947561546396,651.1083359578424,1.4680332826482334,0.5253289634621993,0.7193003463541949,0.003126542986821633,0.0011188190389826334,0.8887690422854724,0.001156902004067332,0.0004139920653077326,0.11123095771452769,0.0011569020040673264,0.00041399206530773065,0.280699653645805,0.0031265429868216356,0.0011188190389826342,0.8450155179411339,0.0012727891470887076,0.00045546174684805404,142.01403882334125,1.4857680720551223,0.5316752763465603,0.6910160012915486,0.009586396262104181,0.003430447845585942,
PPO,42,Pre-Final Phase,legitimate_attack_overlap,900,35,7200,299.216,24.063,35,97217.74211457012,222.40997972734468,73.6845303389742,694.4124436755008,1.5886427123381772,0.526318073849816,0.8518171105466751,0.0024847822602619488,0.0008232095253390559,0.8899102127212091,0.0011021539647733723,0.00036514412417609467,0.1100897872787909,0.0011021539647733786,0.0003651441241760968,0.14818288945332483,0.002484782260261949,0.0008232095253390561,0.8801351703612831,0.0015319664808093342,0.0005075412118281326,259.697849382234,1.653753925468705,0.547889449222474,0.841851432924176,0.009042583897828088,0.002995812275955681,./results_revised_5h\ppo_Pre-Final_Phase_seed_42.zip
A2C,42,Pre-Final Phase,legitimate_attack_overlap,900,35,7200,297.386,24.211,35,97219.68806623651,221.49779055514225,73.38232163945257,694.4263433302609,1.5821270753938732,0.5241594402818041,0.8518429100074664,0.0024881220888072608,0.0008243160120986685,0.8899139803348027,0.0011059728882891503,0.000366409335323569,0.11008601966519735,0.0011059728882891568,0.0003664093353235712,0.14815708999253357,0.002488122088807261,0.0008243160120986686,0.8801487564181718,0.0015397615860439353,0.0005101237338393239,259.72092020187165,1.6573053851105233,0.5490660494633713,0.841851432924176,0.009042583897828088,0.002995812275955681,./results_revised_5h\a2c_Pre-Final_Phase_seed_42.zip
DQN,42,Pre-Final Phase,legitimate_attack_overlap,900,35,7200,303.691,23.708,35,97219.68806623651,221.49779055514225,73.38232163945257,694.4263433302609,1.5821270753938732,0.5241594402818041,0.8518429100074664,0.0024881220888072608,0.0008243160120986685,0.8899139803348027,0.0011059728882891503,0.000366409335323569,0.11008601966519735,0.0011059728882891568,0.0003664093353235712,0.14815708999253357,0.002488122088807261,0.0008243160120986686,0.8801487564181718,0.0015397615860439353,0.0005101237338393239,259.72092020187165,1.6573053851105233,0.5490660494633713,0.841851432924176,0.009042583897828088,0.002995812275955681,./results_revised_5h\dqn_Pre-Final_Phase_seed_42.zip
SAC,42,Pre-Final Phase,legitimate_attack_overlap,900,35,7200,341.974,21.054,35,97219.68806623651,221.49779055514225,73.38232163945257,694.4263433302609,1.5821270753938732,0.5241594402818041,0.8518429100074664,0.0024881220888072608,0.0008243160120986685,0.8899139803348027,0.0011059728882891503,0.000366409335323569,0.11008601966519735,0.0011059728882891568,0.0003664093353235712,0.14815708999253357,0.002488122088807261,0.0008243160120986686,0.8801487564181718,0.0015397615860439353,0.0005101237338393239,259.72092020187165,1.6573053851105233,0.5490660494633713,0.841851432924176,0.009042583897828088,0.002995812275955681,./results_revised_5h\sac_Pre-Final_Phase_seed_42.zip
TD3,42,Pre-Final Phase,legitimate_attack_overlap,900,35,7200,335.523,21.459,35,97219.68806623651,221.49779055514225,73.38232163945257,694.4263433302609,1.5821270753938732,0.5241594402818041,0.8518429100074664,0.0024881220888072608,0.0008243160120986685,0.8899139803348027,0.0011059728882891503,0.000366409335323569,0.11008601966519735,0.0011059728882891568,0.0003664093353235712,0.14815708999253357,0.002488122088807261,0.0008243160120986686,0.8801487564181718,0.0015397615860439353,0.0005101237338393239,259.72092020187165,1.6573053851105233,0.5490660494633713,0.841851432924176,0.009042583897828088,0.002995812275955681,./results_revised_5h\td3_Pre-Final_Phase_seed_42.zip
Baseline,42,Pre-Final Phase,legitimate_attack_overlap,0,35,0,0.0,0.0,35,87581.70458945693,221.58606023525968,73.41156542577276,625.5836042104065,1.5827575731089991,0.5243683244698059,0.7275006921240479,0.0027336206697441486,0.000905649806820449,0.8698002115487679,0.001145631890389922,0.0003795483812741607,0.13019978845123206,0.0011456318903899222,0.0003795483812741608,0.2724993078759521,0.0027336206697441594,0.0009056498068204525,0.8176741449159497,0.0015811123487205784,0.000523823260860198,156.4802339217288,1.511220033705232,0.5006679041962441,0.841851432924176,0.009042583897828088,0.002995812275955681,
PPO,42,Final Phase,high_intensity_adaptive_ddos,1250,40,10000,413.483,24.185,40,110491.16049253519,277.65359084400785,86.04573926397069,690.5697530783449,1.735334942775047,0.5377858703998162,0.859854857021279,0.001996693400207612,0.0006187816955008529,0.8973465152294487,0.0011097243840796126,0.00034390714961446916,0.10265348477055111,0.0011097243840796109,0.0003439071496144686,0.14014514297872105,0.0019966934002076213,0.0006187816955008558,0.876030379547923,0.0017776631877102667,0.0005509035294083887,274.92036783364296,1.3440918944810532,0.4165383935708212,0.9584996616978124,0.0038832105934056937,0.0012034194307070898,./results_revised_5h\ppo_Final_Phase_seed_42.zip
A2C,42,Final Phase,high_intensity_adaptive_ddos,1250,40,10000,422.969,23.642,40,110491.16049253519,277.65359084400785,86.04573926397069,690.5697530783449,1.735334942775047,0.5377858703998162,0.859854857021279,0.001996693400207612,0.0006187816955008529,0.8973465152294487,0.0011097243840796126,0.00034390714961446916,0.10265348477055111,0.0011097243840796109,0.0003439071496144686,0.14014514297872105,0.0019966934002076213,0.0006187816955008558,0.876030379547923,0.0017776631877102667,0.0005509035294083887,274.92036783364296,1.3440918944810532,0.4165383935708212,0.9584996616978124,0.0038832105934056937,0.0012034194307070898,./results_revised_5h\a2c_Final_Phase_seed_42.zip
DQN,42,Final Phase,high_intensity_adaptive_ddos,1250,40,10000,441.704,22.64,40,110491.16049253519,277.65359084400785,86.04573926397069,690.5697530783449,1.735334942775047,0.5377858703998162,0.859854857021279,0.001996693400207612,0.0006187816955008529,0.8973465152294487,0.0011097243840796126,0.00034390714961446916,0.10265348477055111,0.0011097243840796109,0.0003439071496144686,0.14014514297872105,0.0019966934002076213,0.0006187816955008558,0.876030379547923,0.0017776631877102667,0.0005509035294083887,274.92036783364296,1.3440918944810532,0.4165383935708212,0.9584996616978124,0.0038832105934056937,0.0012034194307070898,./results_revised_5h\dqn_Final_Phase_seed_42.zip
SAC,42,Final Phase,high_intensity_adaptive_ddos,1250,40,10000,499.916,20.003,40,110491.16049253519,277.65359084400785,86.04573926397069,690.5697530783449,1.735334942775047,0.5377858703998162,0.859854857021279,0.001996693400207612,0.0006187816955008529,0.8973465152294487,0.0011097243840796126,0.00034390714961446916,0.10265348477055111,0.0011097243840796109,0.0003439071496144686,0.14014514297872105,0.0019966934002076213,0.0006187816955008558,0.876030379547923,0.0017776631877102667,0.0005509035294083887,274.92036783364296,1.3440918944810532,0.4165383935708212,0.9584996616978124,0.0038832105934056937,0.0012034194307070898,./results_revised_5h\sac_Final_Phase_seed_42.zip
TD3,42,Final Phase,high_intensity_adaptive_ddos,1250,40,10000,492.26,20.314,40,79247.86936055667,299.40309875420036,92.78598159640829,495.29918350347907,1.871269367213749,0.5799123849775509,0.5376754059953816,0.0020147703975743154,0.0006243838150245464,0.9005584935667825,0.0011317598401374119,0.0003507360081959428,0.09944150643321756,0.0011317598401374192,0.0003507360081959451,0.46232459400461845,0.0020147703975743245,0.0006243838150245493,0.6914745024912206,0.0019723826533522308,0.0006112477169959404,235.33537121666478,1.3409338270037323,0.4155596983200033,0.9584996616978124,0.0038832105934056937,0.0012034194307070898,./results_revised_5h\td3_Final_Phase_seed_42.zip
Baseline,42,Final Phase,high_intensity_adaptive_ddos,0,40,0,0.0,0.0,40,110491.16049253519,277.65359084400785,86.04573926397069,690.5697530783449,1.735334942775047,0.5377858703998162,0.859854857021279,0.001996693400207612,0.0006187816955008529,0.8973465152294487,0.0011097243840796126,0.00034390714961446916,0.10265348477055111,0.0011097243840796109,0.0003439071496144686,0.14014514297872105,0.0019966934002076213,0.0006187816955008558,0.876030379547923,0.0017776631877102667,0.0005509035294083887,274.92036783364296,1.3440918944810532,0.4165383935708212,0.9584996616978124,0.0038832105934056937,0.0012034194307070898,
PPO,123,Early Phase,low_rate_http_flood,150,20,1200,51.513,23.295,20,56545.33973162142,191.2423371251441,83.81564973359976,706.8167466452676,2.3905292140643097,1.0476956216700009,0.6581517717820728,0.0029431253157420653,0.0012898815413707587,0.9323720481675812,0.0019224522381257579,0.0008425518420373783,0.06762795183241863,0.001922452238125765,0.0008425518420373813,0.34184822821792704,0.0029431253157420722,0.001289881541370762,0.9281623727366103,0.0025731286571865947,0.0011277233560951076,107.92285192881566,2.7243162182011527,1.1939842261961737,0.23275032846071403,0.00637013878929,0.002791836418356287,./results_revised_5h\ppo_Early_Phase_seed_123.zip
A2C,123,Early Phase,low_rate_http_flood,150,20,1200,50.702,23.668,20,56545.33973162142,191.2423371251441,83.81564973359976,706.8167466452676,2.3905292140643097,1.0476956216700009,0.6581517717820728,0.0029431253157420653,0.0012898815413707587,0.9323720481675812,0.0019224522381257579,0.0008425518420373783,0.06762795183241863,0.001922452238125765,0.0008425518420373813,0.34184822821792704,0.0029431253157420722,0.001289881541370762,0.9281623727366103,0.0025731286571865947,0.0011277233560951076,107.92285192881566,2.7243162182011527,1.1939842261961737,0.23275032846071403,0.00637013878929,0.002791836418356287,./results_revised_5h\a2c_Early_Phase_seed_123.zip
DQN,123,Early Phase,low_rate_http_flood,150,20,1200,52.904,22.683,20,56545.33973162142,191.2423371251441,83.81564973359976,706.8167466452676,2.3905292140643097,1.0476956216700009,0.6581517717820728,0.0029431253157420653,0.0012898815413707587,0.9323720481675812,0.0019224522381257579,0.0008425518420373783,0.06762795183241863,0.001922452238125765,0.0008425518420373813,0.34184822821792704,0.0029431253157420722,0.001289881541370762,0.9281623727366103,0.0025731286571865947,0.0011277233560951076,107.92285192881566,2.7243162182011527,1.1939842261961737,0.23275032846071403,0.00637013878929,0.002791836418356287,./results_revised_5h\dqn_Early_Phase_seed_123.zip
SAC,123,Early Phase,low_rate_http_flood,150,20,1200,56.266,21.327,20,56830.85176543116,191.55050528229387,83.95071038338575,710.3856470678893,2.3943813160286793,1.0493838797923247,0.7740338191878913,0.0029208573409104425,0.0012801221711035852,0.8641853902353891,0.0019028094454828645,0.0008339430085923595,0.1358146097646111,0.0019028094454828705,0.0008339430085923621,0.2259661808121086,0.002920857340910439,0.0012801221711035836,0.9177581342892649,0.0023876473671421853,0.0010464325965687513,179.68039462870848,2.3652493410611917,1.0366162288284841,0.23275032846071403,0.00637013878929,0.002791836418356287,./results_revised_5h\sac_Early_Phase_seed_123.zip
TD3,123,Early Phase,low_rate_http_flood,150,20,1200,56.329,21.304,20,56548.66668895219,191.24738855681437,83.81786362114106,706.8583336119023,2.3905923569601875,1.0477232952642666,0.659512078479316,0.0029391330040329437,0.0012881318336184417,0.9315624683695092,0.0019522972329545064,0.0008556319877335196,0.06843753163049075,0.0019522972329545116,0.000855631987733522,0.34048792152068397,0.0029391330040329506,0.0012881318336184448,0.9280332958579149,0.002589851847947329,0.0011350526175980806,108.76656309258343,2.7962096184346756,1.225492898087102,0.23275032846071403,0.00637013878929,0.002791836418356287,./results_revised_5h\td3_Early_Phase_seed_123.zip
Baseline,123,Early Phase,low_rate_http_flood,0,20,0,0.0,0.0,20,38891.938620805464,271.8339530559228,119.13648273460387,486.1492327600683,3.3979244131990294,1.4892060341825462,0.09503168874386697,0.0034320646020988142,0.0015041686316788882,0.9879891107299272,0.0014438532933261812,0.0006327966062291997,0.012010889270072714,0.0014438532933261847,0.0006327966062292013,0.9049683112561331,0.003432064602098828,0.0015041686316788945,0.8652347866529257,0.004409062315401565,0.0019323567586370211,91.91356231430294,2.528855107555401,1.108319617445318,0.23275032846071403,0.00637013878929,0.002791836418356287,
PPO,123,Mid Phase,mixed_tcp_http_flood,375,25,3000,122.042,24.582,25,68278.49421003195,182.66031856714446,71.60284487832062,682.7849421003194,1.826603185671433,0.7160284487832017,0.6910093920430077,0.0025241229851764827,0.0009894562101891813,0.914657076815458,0.0012838389121419592,0.000503264853559648,0.08534292318454184,0.0012838389121419618,0.0005032648535596491,0.3089906079569923,0.0025241229851764788,0.0009894562101891795,0.8856395729913544,0.0020456722058200807,0.0008019035046814716,121.3111883454633,2.087461115111393,0.818284757123666,0.45403653613298905,0.007271508765552894,0.0028504314360967343,./results_revised_5h\ppo_Mid_Phase_seed_123.zip
A2C,123,Mid Phase,mixed_tcp_http_flood,375,25,3000,120.485,24.899,25,52680.57082051674,237.49964935352037,93.09986254657998,526.8057082051674,2.374996493535205,0.9309986254658004,0.3647452942364114,0.00229658933157109,0.0009002630179758672,0.9843019022173327,0.001072553069859783,0.00042044080338503494,0.015698097782667186,0.0010725530698597757,0.00042044080338503206,0.6352547057635887,0.002296589331571101,0.0009002630179758714,0.8032231823766633,0.003308070369235843,0.0012967635847404503,291.5111883454633,2.0874611151113993,0.8182847571236685,0.45403653613298905,0.007271508765552894,0.0028504314360967343,./results_revised_5h\a2c_Mid_Phase_seed_123.zip
DQN,123,Mid Phase,mixed_tcp_http_flood,375,25,3000,128.123,23.415,25,68278.49421003195,182.66031856714446,71.60284487832062,682.7849421003194,1.826603185671433,0.7160284487832017,0.6910093920430077,0.0025241229851764827,0.0009894562101891813,0.914657076815458,0.0012838389121419592,0.000503264853559648,0.08534292318454184,0.0012838389121419618,0.0005032648535596491,0.3089906079569923,0.0025241229851764788,0.0009894562101891795,0.8856395729913544,0.0020456722058200807,0.0008019035046814716,121.3111883454633,2.087461115111393,0.818284757123666,0.45403653613298905,0.007271508765552894,0.0028504314360967343,./results_revised_5h\dqn_Mid_Phase_seed_123.zip
SAC,123,Mid Phase,mixed_tcp_http_flood,375,25,3000,141.746,21.165,25,70612.48211501789,184.4738555189734,72.31375136343758,706.124821150179,1.8447385551897357,0.7231375136343764,0.8056349887909602,0.002363366091191955,0.0009264395077472464,0.8764510328700313,0.0012994705318052928,0.0005093924484676747,0.12354896712996863,0.0012994705318053038,0.000509392448467679,0.19436501120903976,0.0023633660911919654,0.0009264395077472504,0.8991617468259117,0.0018102923276889155,0.0007096345924540549,208.33593804275188,1.9217455744084107,0.7533242651680969,0.45403653613298905,0.007271508765552894,0.0028504314360967343,./results_revised_5h\sac_Mid_Phase_seed_123.zip
TD3,123,Mid Phase,mixed_tcp_http_flood,375,25,3000,141.083,21.264,25,70612.48211501789,184.4738555189734,72.31375136343758,706.124821150179,1.8447385551897357,0.7231375136343764,0.8056349887909602,0.002363366091191955,0.0009264395077472464,0.8764510328700313,0.0012994705318052928,0.0005093924484676747,0.12354896712996863,0.0012994705318053038,0.000509392448467679,0.19436501120903976,0.0023633660911919654,0.0009264395077472504,0.8991617468259117,0.0018102923276889155,0.0007096345924540549,208.33593804275188,1.9217455744084107,0.7533242651680969,0.45403653613298905,0.007271508765552894,0.0028504314360967343,./results_revised_5h\td3_Mid_Phase_seed_123.zip
Baseline,123,Mid Phase,mixed_tcp_http_flood,0,25,0,0.0,0.0,25,53052.71573202801,215.94813926019611,84.65167058999688,530.5271573202801,2.159481392601965,0.8465167058999704,0.5033279865701709,0.0024290728556669162,0.0009521965594214312,0.8162454916227567,0.0013077889098122937,0.0005126532526464192,0.18375450837724328,0.0013077889098122941,0.0005126532526464193,0.49667201342982914,0.0024290728556669123,0.0009521965594214296,0.8032275828230756,0.0027065105138781046,0.001060952121440217,173.795572681422,1.9185314704512189,0.7520643364168778,0.45403653613298905,0.007271508765552894,0.0028504314360967343,
PPO,123,Extended Phase,bursty_ddos,650,30,5200,207.721,25.034,30,78133.72878550383,257.543671520993,92.1608192440358,651.1144065458651,2.146197262674948,0.768006827033634,0.7187662352933549,0.0033086679154379845,0.001183991607684933,0.8883879149272557,0.0012530183503386392,0.00044838685809294403,0.11161208507274441,0.0012530183503386355,0.0004483868580929427,0.2812337647066451,0.003308667915437989,0.0011839916076849348,0.8450639545797876,0.0021945414046000665,0.000785306556043305,140.96216714519147,1.6166575004452588,0.5785134567591405,0.689485024693476,0.01109665303489783,0.003970886290947512,./results_revised_5h\ppo_Extended_Phase_seed_123.zip
A2C,123,Extended Phase,bursty_ddos,650,30,5200,212.279,24.496,30,83941.91565571213,262.47705301352295,93.92620713848409,699.5159637976012,2.187308775112695,0.7827183928207021,0.8359701190768417,0.0030327660427981423,0.001085261390540464,0.8848745585550518,0.0012698294561852778,0.0004544026350603005,0.11512544144494823,0.0012698294561852802,0.00045440263506030135,0.16402988092315832,0.003032766042798142,0.0010852613905404638,0.8861205399837659,0.0019129304673612332,0.0006845333763695963,238.79522035534333,2.015371908476118,0.7211915752759431,0.689485024693476,0.01109665303489783,0.003970886290947512,./results_revised_5h\a2c_Extended_Phase_seed_123.zip
DQN,123,Extended Phase,bursty_ddos,650,30,5200,221.459,23.481,30,78133.72878550383,257.543671520993,92.1608192440358,651.1144065458651,2.146197262674948,0.768006827033634,0.7187662352933549,0.0033086679154379845,0.001183991607684933,0.8883879149272557,0.0012530183503386392,0.00044838685809294403,0.11161208507274441,0.0012530183503386355,0.0004483868580929427,0.2812337647066451,0.003308667915437989,0.0011839916076849348,0.8450639545797876,0.0021945414046000665,0.000785306556043305,140.96216714519147,1.6166575004452588,0.5785134567591405,0.689485024693476,0.01109665303489783,0.003970886290947512,./results_revised_5h\dqn_Extended_Phase_seed_123.zip
SAC,123,Extended Phase,bursty_ddos,650,30,5200,247.107,21.044,30,83941.91565571213,262.47705301352295,93.92620713848409,699.5159637976012,2.187308775112695,0.7827183928207021,0.8359701190768417,0.0030327660427981423,0.001085261390540464,0.8848745585550518,0.0012698294561852778,0.0004544026350603005,0.11512544144494823,0.0012698294561852802,0.00045440263506030135,0.16402988092315832,0.003032766042798142,0.0010852613905404638,0.8861205399837659,0.0019129304673612332,0.0006845333763695963,238.79522035534333,2.015371908476118,0.7211915752759431,0.689485024693476,0.01109665303489783,0.003970886290947512,./results_revised_5h\sac_Extended_Phase_seed_123.zip
TD3,123,Extended Phase,bursty_ddos,650,30,5200,244.477,21.27,30,78133.72878550383,257.543671520993,92.1608192440358,651.1144065458651,2.146197262674948,0.768006827033634,0.7187662352933549,0.0033086679154379845,0.001183991607684933,0.8883879149272557,0.0012530183503386392,0.00044838685809294403,0.11161208507274441,0.0012530183503386355,0.0004483868580929427,0.2812337647066451,0.003308667915437989,0.0011839916076849348,0.8450639545797876,0.0021945414046000665,0.000785306556043305,140.96216714519147,1.6166575004452588,0.5785134567591405,0.689485024693476,0.01109665303489783,0.003970886290947512,./results_revised_5h\td3_Extended_Phase_seed_123.zip
Baseline,123,Extended Phase,bursty_ddos,0,30,0,0.0,0.0,30,78133.72878550383,257.543671520993,92.1608192440358,651.1144065458651,2.146197262674948,0.768006827033634,0.7187662352933549,0.0033086679154379845,0.001183991607684933,0.8883879149272557,0.0012530183503386392,0.00044838685809294403,0.11161208507274441,0.0012530183503386355,0.0004483868580929427,0.2812337647066451,0.003308667915437989,0.0011839916076849348,0.8450639545797876,0.0021945414046000665,0.000785306556043305,140.96216714519147,1.6166575004452588,0.5785134567591405,0.689485024693476,0.01109665303489783,0.003970886290947512,
PPO,123,Pre-Final Phase,legitimate_attack_overlap,900,35,7200,288.741,24.936,35,87638.44905411832,275.4801712531606,91.26670962055603,625.9889218151307,1.9677155089511489,0.6519050687182579,0.7270485707232927,0.0029537280314390507,0.0009785714787279869,0.8695418104340471,0.0012690542717978728,0.0004204382739782176,0.13045818956595284,0.0012690542717978682,0.00042043827397821607,0.27295142927670735,0.0029537280314390567,0.0009785714787279888,0.8180079784298641,0.0020500234219104274,0.0006791737187897185,155.69760785423517,1.4048711664407625,0.4654344747158271,0.8385598240014026,0.010250361600678933,0.0033959495939732865,./results_revised_5h\ppo_Pre-Final_Phase_seed_123.zip
A2C,123,Pre-Final Phase,legitimate_attack_overlap,900,35,7200,284.679,25.292,35,66512.10803387132,385.96181079999,127.86932849165105,475.0864859562236,2.756870077142788,0.9133523463689367,0.41900914930381405,0.002590194324642725,0.0008581325915858187,0.984775646192543,0.0010801766120357849,0.0003578630169319489,0.015224353807457002,0.001080176612035781,0.00035786301693194753,0.5809908506961861,0.002590194324642731,0.0008581325915858205,0.6800334324832106,0.0036909358974113182,0.0012228087896299373,291.0690364256638,1.404871166440764,0.46543447471582766,0.8385598240014026,0.010250361600678933,0.0033959495939732865,./results_revised_5h\a2c_Pre-Final_Phase_seed_123.zip
DQN,123,Pre-Final Phase,legitimate_attack_overlap,900,35,7200,305.843,23.542,35,87638.44905411832,275.4801712531606,91.26670962055603,625.9889218151307,1.9677155089511489,0.6519050687182579,0.7270485707232927,0.0029537280314390507,0.0009785714787279869,0.8695418104340471,0.0012690542717978728,0.0004204382739782176,0.13045818956595284,0.0012690542717978682,0.00042043827397821607,0.27295142927670735,0.0029537280314390567,0.0009785714787279888,0.8180079784298641,0.0020500234219104274,0.0006791737187897185,155.69760785423517,1.4048711664407625,0.4654344747158271,0.8385598240014026,0.010250361600678933,0.0033959495939732865,./results_revised_5h\dqn_Pre-Final_Phase_seed_123.zip
SAC,123,Pre-Final Phase,legitimate_attack_overlap,900,35,7200,341.917,21.058,35,97275.32289836778,278.41461455587745,92.23889205963593,694.8237349883412,1.9886758182562623,0.6588492289973977,0.8515186073382038,0.002698560544464177,0.0008940343709121892,0.8896154702772315,0.0012813634264207817,0.00042451630266366935,0.11038452972276852,0.0012813634264207741,0.00042451630266366686,0.14848139266179622,0.0026985605444641643,0.0008940343709121851,0.8802845874739695,0.0018526746098202602,0.0006137919650138981,258.51038497441755,1.9965710652524458,0.6614649280210528,0.8385598240014026,0.010250361600678933,0.0033959495939732865,./results_revised_5h\sac_Pre-Final_Phase_seed_123.zip
TD3,123,Pre-Final Phase,legitimate_attack_overlap,900,35,7200,339.133,21.231,35,87638.44905411832,275.4801712531606,91.26670962055603,625.9889218151307,1.9677155089511489,0.6519050687182579,0.7270485707232927,0.0029537280314390507,0.0009785714787279869,0.8695418104340471,0.0012690542717978728,0.0004204382739782176,0.13045818956595284,0.0012690542717978682,0.00042043827397821607,0.27295142927670735,0.0029537280314390567,0.0009785714787279888,0.8180079784298641,0.0020500234219104274,0.0006791737187897185,155.69760785423517,1.4048711664407625,0.4654344747158271,0.8385598240014026,0.010250361600678933,0.0033959495939732865,./results_revised_5h\td3_Pre-Final_Phase_seed_123.zip
Baseline,123,Pre-Final Phase,legitimate_attack_overlap,0,35,0,0.0,0.0,35,87638.44905411832,275.4801712531606,91.26670962055603,625.9889218151307,1.9677155089511489,0.6519050687182579,0.7270485707232927,0.0029537280314390507,0.0009785714787279869,0.8695418104340471,0.0012690542717978728,0.0004204382739782176,0.13045818956595284,0.0012690542717978682,0.00042043827397821607,0.27295142927670735,0.0029537280314390567,0.0009785714787279888,0.8180079784298641,0.0020500234219104274,0.0006791737187897185,155.69760785423517,1.4048711664407625,0.4654344747158271,0.8385598240014026,0.010250361600678933,0.0033959495939732865,
PPO,123,Final Phase,high_intensity_adaptive_ddos,1250,40,10000,396.779,25.203,40,110563.65643759674,284.97377891359315,88.3142890496374,691.0228527349798,1.781086118209959,0.5519643065602343,0.8601318564859664,0.0021993739203762298,0.0006815930394467445,0.8971233822034318,0.001245877004173289,0.00038610128372624044,0.10287661779656827,0.0012458770041732813,0.000386101283726238,0.1398681435140336,0.0021993739203762246,0.0006815930394467428,0.8763525552262328,0.001873240925445756,0.000580523377203725,274.0564412992619,1.6074727249356624,0.4981609585646154,0.9576778714074449,0.005026416367378196,0.001557702570547947,./results_revised_5h\ppo_Final_Phase_seed_123.zip
A2C,123,Final Phase,high_intensity_adaptive_ddos,1250,40,10000,422.443,23.672,40,73643.3995074362,315.85708493533957,97.8851247426992,460.27124692147635,1.9741067808458697,0.6117820296418691,0.43452794167516656,0.0021506561507720298,0.0006664952462284306,0.985382087390714,0.0010210401231491792,0.00031642361241388157,0.01461791260928617,0.0010210401231491768,0.0003164236124138808,0.5654720583248334,0.002150656150772031,0.000666495246228431,0.6463419947622013,0.002079788358033851,0.0006445330897238947,290.93331801629404,1.3695246996332235,0.4244201015444973,0.9576778714074449,0.005026416367378196,0.001557702570547947,./results_revised_5h\a2c_Final_Phase_seed_123.zip
DQN,123,Final Phase,high_intensity_adaptive_ddos,1250,40,10000,434.919,22.993,40,95738.02053299041,283.2269234988744,87.77293294799347,598.3626283311901,1.7701682718679606,0.5485808309249579,0.7257366805059424,0.0022944081813524703,0.0007110444620494507,0.8499306603885255,0.001242865272921066,0.0003851679385414215,0.15006933961147445,0.0012428652729210624,0.0003851679385414204,0.2742633194940575,0.002294408181352474,0.0007110444620494517,0.7913512468786106,0.0018347980338609556,0.0005686098016731378,171.05831801629407,1.3695246996332204,0.4244201015444964,0.9576778714074449,0.005026416367378196,0.001557702570547947,./results_revised_5h\dqn_Final_Phase_seed_123.zip
SAC,123,Final Phase,high_intensity_adaptive_ddos,1250,40,10000,481.044,20.788,40,110563.65643759674,284.97377891359315,88.3142890496374,691.0228527349798,1.781086118209959,0.5519643065602343,0.8601318564859664,0.0021993739203762298,0.0006815930394467445,0.8971233822034318,0.001245877004173289,0.00038610128372624044,0.10287661779656827,0.0012458770041732813,0.000386101283726238,0.1398681435140336,0.0021993739203762246,0.0006815930394467428,0.8763525552262328,0.001873240925445756,0.000580523377203725,274.0564412992619,1.6074727249356624,0.4981609585646154,0.9576778714074449,0.005026416367378196,0.001557702570547947,./results_revised_5h\sac_Final_Phase_seed_123.zip
TD3,123,Final Phase,high_intensity_adaptive_ddos,1250,40,10000,474.914,21.056,40,73847.47605014751,334.73090330586444,103.73418165382746,461.54672531342186,2.0920681456616483,0.6483386353364202,0.43700850358820065,0.0023529895058295295,0.0007291990025917448,0.9848796065040242,0.0010087013775243717,0.0003125997955287863,0.015120393495975683,0.0010087013775243704,0.0003125997955287859,0.5629914964117994,0.002352989505829525,0.0007291990025917435,0.6476821027474615,0.0021463011255653513,0.0006651456099342166,291.4685129912141,1.3620212195809729,0.4220947489849077,0.9576778714074449,0.005026416367378196,0.001557702570547947,./results_revised_5h\td3_Final_Phase_seed_123.zip
Baseline,123,Final Phase,high_intensity_adaptive_ddos,0,40,0,0.0,0.0,40,110563.65643759674,284.97377891359315,88.3142890496374,691.0228527349798,1.781086118209959,0.5519643065602343,0.8601318564859664,0.0021993739203762298,0.0006815930394467445,0.8971233822034318,0.001245877004173289,0.00038610128372624044,0.10287661779656827,0.0012458770041732813,0.000386101283726238,0.1398681435140336,0.0021993739203762246,0.0006815930394467428,0.8763525552262328,0.001873240925445756,0.000580523377203725,274.0564412992619,1.6074727249356624,0.4981609585646154,0.9576778714074449,0.005026416367378196,0.001557702570547947,
PPO,2025,Early Phase,low_rate_http_flood,150,20,1200,48.999,24.49,20,38784.92210239766,194.40913039826845,85.2035580793612,484.81152627997074,2.4301141299783575,1.065044475992016,0.09438237714620354,0.0031179596693871312,0.0013665060752830695,0.9878860573056889,0.0012257501286691303,0.0005372086797821246,0.012113942694311064,0.0012257501286691203,0.0005372086797821203,0.9056176228537964,0.0031179596693871434,0.0013665060752830747,0.8636591615977164,0.0031594557293970218,0.0013846925254352525,93.0251707876123,1.9342064365672218,0.8477033466376608,0.2350513319257071,0.004240322218969878,0.0018584031507114015,./results_revised_5h\ppo_Early_Phase_seed_2025.zip
A2C,2025,Early Phase,low_rate_http_flood,150,20,1200,51.391,23.35,20,44690.33753471276,167.89177878458892,73.58181632423677,558.6292191839094,2.0986472348073586,0.9197727040529583,0.33318044299473853,0.003285183514027281,0.0014397951565616202,0.9839693938753283,0.0013961067774446354,0.0006118707730100175,0.016030606124671765,0.0013961067774446252,0.000611870773010013,0.6668195570052615,0.003285183514027272,0.0014397951565616163,0.8845625817030782,0.0025721803578929573,0.0011273077456051244,293.16695767949915,2.2272783353440206,0.9761477694777932,0.2350513319257071,0.004240322218969878,0.0018584031507114015,./results_revised_5h\a2c_Early_Phase_seed_2025.zip
DQN,2025,Early Phase,low_rate_http_flood,150,20,1200,52.807,22.724,20,43335.68563563735,162.29634379541884,71.12950881634161,541.6960704454667,2.028704297442728,0.8891188602042669,0.47796663087588664,0.003364104619000464,0.0014743838558551894,0.7799661974204184,0.0016294957972288729,0.0007141580208441787,0.2200338025795816,0.0016294957972288534,0.0007141580208441701,0.5220333691241134,0.0033641046190004626,0.0014743838558551887,0.8565816780033402,0.0023073110578702384,0.0010112236566444215,148.623117510584,1.9899126875613047,0.87211768758057,0.2350513319257071,0.004240322218969878,0.0018584031507114015,./results_revised_5h\dqn_Early_Phase_seed_2025.zip
SAC,2025,Early Phase,low_rate_http_flood,150,20,1200,56.476,21.248,20,56789.14244242193,157.60553430244602,69.07367091276706,709.8642805302741,1.970069178780576,0.8634208864095886,0.7745600381887883,0.0032904277481904374,0.001442093543521054,0.8641588818352476,0.0016207379201529355,0.0007103197119820236,0.13584111816475236,0.0016207379201529436,0.0007103197119820272,0.22543996181121168,0.003290427748190431,0.0014420935435210513,0.917358661334446,0.002027932868179741,0.0008887807664229799,180.9736308298411,1.9747680656589552,0.8654802643834015,0.2350513319257071,0.004240322218969878,0.0018584031507114015,./results_revised_5h\sac_Early_Phase_seed_2025.zip
TD3,2025,Early Phase,low_rate_http_flood,150,20,1200,56.161,21.367,20,56505.20689883082,158.4112984788139,69.42681263331684,706.3150862353853,1.9801412309851831,0.8678351579164645,0.6588341233343565,0.0034324731648354536,0.0015043476921931193,0.9323725761624144,0.0016184955746556752,0.0007093369607376844,0.06762742383758553,0.001618495574655669,0.0007093369607376817,0.34116587666564335,0.003432473164835452,0.0015043476921931184,0.927633552524501,0.0020982637244431773,0.0009196046232250589,108.91695767949916,2.227278335344016,0.9761477694777912,0.2350513319257071,0.004240322218969878,0.0018584031507114015,./results_revised_5h\td3_Early_Phase_seed_2025.zip
Baseline,2025,Early Phase,low_rate_http_flood,0,20,0,0.0,0.0,20,38811.78180875595,209.13436313590452,91.65717587098968,485.1472726094494,2.614179539198808,1.1457146983873716,0.09537950240570006,0.003947915022535244,0.0017302500465171584,0.9878677417307828,0.001222233000832035,0.0005356672305439815,0.012132258269217027,0.0012222330008320255,0.0005356672305439773,0.9046204975943001,0.003947915022535257,0.001730250046517164,0.863746095965069,0.0031681666546458202,0.0013885102567518862,93.74231258578712,2.292739523996742,1.0048374003500162,0.2350513319257071,0.004240322218969878,0.0018584031507114015,
PPO,2025,Mid Phase,mixed_tcp_http_flood,375,25,3000,124.705,24.057,25,52968.43444852411,189.7319024416854,74.37490575714068,529.684344485241,1.8973190244168403,0.7437490575714014,0.5029911994318433,0.0029438603512138024,0.0011539932576758107,0.816354278016112,0.001528746223955999,0.0005992685197907516,0.18364572198388784,0.001528746223955992,0.0005992685197907489,0.4970088005681567,0.0029438603512138067,0.0011539932576758122,0.8023533213069048,0.002471085736332807,0.0009686656086424602,175.25376166042903,1.612682309629292,0.6321714653746824,0.45591762461073976,0.007327544771810855,0.0028723975505498553,./results_revised_5h\ppo_Mid_Phase_seed_2025.zip
A2C,2025,Mid Phase,mixed_tcp_http_flood,375,25,3000,122.116,24.567,25,52588.55578788577,202.94728877556943,79.55533720002322,525.8855578788576,2.029472887755695,0.7955533720002324,0.3643347036601005,0.0027692898709177796,0.0010855616293997696,0.9843954187622831,0.0012536422934468626,0.0004914277790311701,0.015604581237717009,0.0012536422934468687,0.0004914277790311726,0.6356652963398994,0.0027692898709177826,0.0010855616293997709,0.802163981934886,0.003036409880198814,0.0011902726730379349,292.7436467071403,1.4194131963443846,0.5564099729669987,0.45591762461073976,0.007327544771810855,0.0028723975505498553,./results_revised_5h\a2c_Mid_Phase_seed_2025.zip
DQN,2025,Mid Phase,mixed_tcp_http_flood,375,25,3000,130.695,22.954,25,52968.43444852411,189.7319024416854,74.37490575714068,529.684344485241,1.8973190244168403,0.7437490575714014,0.5029911994318433,0.0029438603512138024,0.0011539932576758107,0.816354278016112,0.001528746223955999,0.0005992685197907516,0.18364572198388784,0.001528746223955992,0.0005992685197907489,0.4970088005681567,0.0029438603512138067,0.0011539932576758122,0.8023533213069048,0.002471085736332807,0.0009686656086424602,175.25376166042903,1.612682309629292,0.6321714653746824,0.45591762461073976,0.007327544771810855,0.0028723975505498553,./results_revised_5h\dqn_Mid_Phase_seed_2025.zip
SAC,2025,Mid Phase,mixed_tcp_http_flood,375,25,3000,141.932,21.137,25,70542.07076901768,168.88252849658764,66.20195117066235,705.4207076901768,1.6888252849658778,0.6620195117066241,0.8052642526908174,0.002861805225231608,0.0011218276482907901,0.876571174313855,0.001540599910214285,0.0006039151648039997,0.12342882568614502,0.001540599910214289,0.0006039151648040013,0.19473574730918253,0.0028618052252316175,0.001121827648290794,0.8986327925038942,0.0017361393807757196,0.0006805666372640821,209.81293790653646,1.649054037534434,0.6464291827134981,0.45591762461073976,0.007327544771810855,0.0028723975505498553,./results_revised_5h\sac_Mid_Phase_seed_2025.zip
TD3,2025,Mid Phase,mixed_tcp_http_flood,375,25,3000,140.615,21.335,25,70542.07076901768,168.88252849658764,66.20195117066235,705.4207076901768,1.6888252849658778,0.6620195117066241,0.8052642526908174,0.002861805225231608,0.0011218276482907901,0.876571174313855,0.001540599910214285,0.0006039151648039997,0.12342882568614502,0.001540599910214289,0.0006039151648040013,0.19473574730918253,0.0028618052252316175,0.001121827648290794,0.8986327925038942,0.0017361393807757196,0.0006805666372640821,209.81293790653646,1.649054037534434,0.6464291827134981,0.45591762461073976,0.007327544771810855,0.0028723975505498553,./results_revised_5h\td3_Mid_Phase_seed_2025.zip
Baseline,2025,Mid Phase,mixed_tcp_http_flood,0,25,0,0.0,0.0,25,52968.43444852411,189.7319024416854,74.37490575714068,529.684344485241,1.8973190244168403,0.7437490575714014,0.5029911994318433,0.0029438603512138024,0.0011539932576758107,0.816354278016112,0.001528746223955999,0.0005992685197907516,0.18364572198388784,0.001528746223955992,0.0005992685197907489,0.4970088005681567,0.0029438603512138067,0.0011539932576758122,0.8023533213069048,0.002471085736332807,0.0009686656086424602,175.25376166042903,1.612682309629292,0.6321714653746824,0.45591762461073976,0.007327544771810855,0.0028723975505498553,
PPO,2025,Extended Phase,bursty_ddos,650,30,5200,208.983,24.882,30,83892.01952828816,214.34771603056575,76.703345090173,699.1001627357347,1.786230966921388,0.6391945424181108,0.8360556577612127,0.0032715797175092523,0.001170719766504715,0.8849534037543311,0.00124074711755272,0.00044399565383618407,0.1150465962456689,0.0012407471175527273,0.0004439956538361866,0.16394434223878732,0.0032715797175092497,0.0011707197665047143,0.8858450920380392,0.0017758979103880362,0.0006354969056259328,240.14476300081907,1.6040236307510218,0.5739924845513322,0.6913732966096031,0.010073338340001091,0.003604697830290825,./results_revised_5h\ppo_Extended_Phase_seed_2025.zip
A2C,2025,Extended Phase,bursty_ddos,650,30,5200,211.015,24.643,30,59412.46138178422,304.1192834834347,108.82768793430783,495.10384484820185,2.5343273623619527,0.9068973994525641,0.4024670410324302,0.0038404971551830825,0.0013743042569664193,0.9833722424497342,0.0009872270085743264,0.0003532746479566763,0.016627757550265857,0.0009872270085743162,0.0003532746479566727,0.5975329589675697,0.0038404971551830834,0.0013743042569664195,0.7255200841952935,0.0034286005783075906,0.0012269089599106922,292.6423992252622,1.2131149748864287,0.43410761857383856,0.6913732966096031,0.010073338340001091,0.003604697830290825,./results_revised_5h\a2c_Extended_Phase_seed_2025.zip
DQN,2025,Extended Phase,bursty_ddos,650,30,5200,221.217,23.506,30,61532.43141817906,253.56899740448551,90.73850037810502,512.7702618181588,2.11307497837072,0.7561541698175445,0.5242499755146897,0.003409716322427391,0.0012201513157315328,0.8506490899396185,0.0012561736215008204,0.00044951595737745113,0.1493509100603814,0.0012561736215008278,0.00044951595737745384,0.47575002448531034,0.003409716322427396,0.0012201513157315347,0.7486145240678277,0.0026599467116145605,0.000951849706265816,203.23103003472303,1.5392289257118958,0.550805997134208,0.6913732966096031,0.010073338340001091,0.003604697830290825,./results_revised_5h\dqn_Extended_Phase_seed_2025.zip
SAC,2025,Extended Phase,bursty_ddos,650,30,5200,247.033,21.05,30,83892.01952828816,214.34771603056575,76.703345090173,699.1001627357347,1.786230966921388,0.6391945424181108,0.8360556577612127,0.0032715797175092523,0.001170719766504715,0.8849534037543311,0.00124074711755272,0.00044399565383618407,0.1150465962456689,0.0012407471175527273,0.0004439956538361866,0.16394434223878732,0.0032715797175092497,0.0011707197665047143,0.8858450920380392,0.0017758979103880362,0.0006354969056259328,240.14476300081907,1.6040236307510218,0.5739924845513322,0.6913732966096031,0.010073338340001091,0.003604697830290825,./results_revised_5h\sac_Extended_Phase_seed_2025.zip
TD3,2025,Extended Phase,bursty_ddos,650,30,5200,244.314,21.284,30,83892.01952828816,214.34771603056575,76.703345090173,699.1001627357347,1.786230966921388,0.6391945424181108,0.8360556577612127,0.0032715797175092523,0.001170719766504715,0.8849534037543311,0.00124074711755272,0.00044399565383618407,0.1150465962456689,0.0012407471175527273,0.0004439956538361866,0.16394434223878732,0.0032715797175092497,0.0011707197665047143,0.8858450920380392,0.0017758979103880362,0.0006354969056259328,240.14476300081907,1.6040236307510218,0.5739924845513322,0.6913732966096031,0.010073338340001091,0.003604697830290825,./results_revised_5h\td3_Extended_Phase_seed_2025.zip
Baseline,2025,Extended Phase,bursty_ddos,0,30,0,0.0,0.0,30,78084.89706074334,213.0675436650461,76.24524129254095,650.7074755061946,1.7755628638753729,0.6353770107711706,0.7189390173545142,0.0035508165492917506,0.0012706433834517008,0.8884569183137907,0.0012571196522343465,0.00044985449012771014,0.11154308168620938,0.001257119652234341,0.00044985449012770824,0.28106098264548596,0.0035508165492917475,0.0012706433834516998,0.8446840501056256,0.0019001134784253364,0.0006799468757827329,142.06623444157063,1.228087002416272,0.43946528981749844,0.6913732966096031,0.010073338340001091,0.003604697830290825,
PPO,2025,Pre-Final Phase,legitimate_attack_overlap,900,35,7200,290.658,24.771,35,97178.5309508695,234.24160703923698,77.6043540028733,694.1323639347822,1.6731543359945407,0.5543168143062348,0.8513802400477505,0.0026164981478875213,0.0008668470605331575,0.8897013549759428,0.0013229626559193221,0.0004382981468588842,0.11029864502405713,0.0013229626559193182,0.0004382981468588829,0.1486197599522495,0.00261649814788753,0.0008668470605331603,0.8797623349549517,0.0016712494622498188,0.0005536857287434064,259.5039630747119,1.7208567564813047,0.5701206485312478,0.8415402629864916,0.009424289735216461,0.003122271598464891,./results_revised_5h\ppo_Pre-Final_Phase_seed_2025.zip
A2C,2025,Pre-Final Phase,legitimate_attack_overlap,900,35,7200,291.886,24.667,35,97178.5309508695,234.24160703923698,77.6043540028733,694.1323639347822,1.6731543359945407,0.5543168143062348,0.8513802400477505,0.0026164981478875213,0.0008668470605331575,0.8897013549759428,0.0013229626559193221,0.0004382981468588842,0.11029864502405713,0.0013229626559193182,0.0004382981468588829,0.1486197599522495,0.00261649814788753,0.0008668470605331603,0.8797623349549517,0.0016712494622498188,0.0005536857287434064,259.5039630747119,1.7208567564813047,0.5701206485312478,0.8415402629864916,0.009424289735216461,0.003122271598464891,./results_revised_5h\a2c_Pre-Final_Phase_seed_2025.zip
DQN,2025,Pre-Final Phase,legitimate_attack_overlap,900,35,7200,305.603,23.56,35,70235.40892742957,285.1031421195758,94.45480437074075,501.6814923387826,2.036451015139822,0.6746771740767178,0.5349493915176308,0.002719434813456934,0.0009009500259955912,0.8726051595353138,0.0013331026309717263,0.0004416575253377693,0.12739484046468622,0.001333102630971714,0.0004416575253377653,0.46505060848236923,0.002719434813456939,0.0009009500259955928,0.7159029365691276,0.0026421703487882024,0.000875352272702384,221.08856044484693,1.6640980760951882,0.5513164711645757,0.8415402629864916,0.009424289735216461,0.003122271598464891,./results_revised_5h\dqn_Pre-Final_Phase_seed_2025.zip
SAC,2025,Pre-Final Phase,legitimate_attack_overlap,900,35,7200,342.469,21.024,35,97178.5309508695,234.24160703923698,77.6043540028733,694.1323639347822,1.6731543359945407,0.5543168143062348,0.8513802400477505,0.0026164981478875213,0.0008668470605331575,0.8897013549759428,0.0013229626559193221,0.0004382981468588842,0.11029864502405713,0.0013229626559193182,0.0004382981468588829,0.1486197599522495,0.00261649814788753,0.0008668470605331603,0.8797623349549517,0.0016712494622498188,0.0005536857287434064,259.5039630747119,1.7208567564813047,0.5701206485312478,0.8415402629864916,0.009424289735216461,0.003122271598464891,./results_revised_5h\sac_Pre-Final_Phase_seed_2025.zip
TD3,2025,Pre-Final Phase,legitimate_attack_overlap,900,35,7200,338.826,21.25,35,97178.5309508695,234.24160703923698,77.6043540028733,694.1323639347822,1.6731543359945407,0.5543168143062348,0.8513802400477505,0.0026164981478875213,0.0008668470605331575,0.8897013549759428,0.0013229626559193221,0.0004382981468588842,0.11029864502405713,0.0013229626559193182,0.0004382981468588829,0.1486197599522495,0.00261649814788753,0.0008668470605331603,0.8797623349549517,0.0016712494622498188,0.0005536857287434064,259.5039630747119,1.7208567564813047,0.5701206485312478,0.8415402629864916,0.009424289735216461,0.003122271598464891,./results_revised_5h\td3_Pre-Final_Phase_seed_2025.zip
Baseline,2025,Pre-Final Phase,legitimate_attack_overlap,0,35,0,0.0,0.0,35,87541.84206631535,231.36257811012837,76.65053037169562,625.2988719022524,1.652589843643768,0.5475037883692525,0.7270295851292701,0.0028349018293545754,0.0009392043023841364,0.8696060653256796,0.0013438198928680015,0.00044520815921811466,0.13039393467432026,0.0013438198928680013,0.00044520815921811455,0.2729704148707298,0.0028349018293545706,0.0009392043023841348,0.8173100795626305,0.0018489913083064567,0.0006125716854991293,156.30372888646795,1.3598766380476404,0.45052776640833464,0.8415402629864916,0.009424289735216461,0.003122271598464891,
PPO,2025,Final Phase,high_intensity_adaptive_ddos,1250,40,10000,400.531,24.967,40,110460.75058068833,255.81917015917466,79.27918219004279,690.379691129302,1.5988698134948323,0.49549488868776453,0.8595208308719873,0.0018973219521070909,0.0005879861646829407,0.8973285024774071,0.001159102188754594,0.00035920948982039056,0.10267149752259286,0.001159102188754597,0.00035920948982039153,0.14047916912801267,0.0018973219521070904,0.0005879861646829404,0.8757834855822294,0.0015836000055689757,0.0004907627261848226,274.5599682636995,1.34605140553938,0.417145652339192,0.9589845112133879,0.005004002793269136,0.0015507565319683653,./results_revised_5h\ppo_Final_Phase_seed_2025.zip
A2C,2025,Final Phase,high_intensity_adaptive_ddos,1250,40,10000,402.687,24.833,40,110460.75058068833,255.81917015917466,79.27918219004279,690.379691129302,1.5988698134948323,0.49549488868776453,0.8595208308719873,0.0018973219521070909,0.0005879861646829407,0.8973285024774071,0.001159102188754594,0.00035920948982039056,0.10267149752259286,0.001159102188754597,0.00035920948982039153,0.14047916912801267,0.0018973219521070904,0.0005879861646829404,0.8757834855822294,0.0015836000055689757,0.0004907627261848226,274.5599682636995,1.34605140553938,0.417145652339192,0.9589845112133879,0.005004002793269136,0.0015507565319683653,./results_revised_5h\a2c_Final_Phase_seed_2025.zip
DQN,2025,Final Phase,high_intensity_adaptive_ddos,1250,40,10000,425.165,23.52,40,79207.62677448399,291.048412067406,90.1968373678074,495.0476673405249,1.8190525754212838,0.5637302335487951,0.5373505798496251,0.0019295877435637529,0.0005979854370510239,0.9004915984476035,0.0011770421040762033,0.0003647691271781806,0.09950840155239653,0.0011770421040762124,0.00036476912717818343,0.4626494201503749,0.0019295877435637583,0.0005979854370510256,0.6911211102675872,0.0019375236578664432,0.00060044480237324,234.97012315156562,1.3345158506301942,0.4135707468356695,0.9589845112133879,0.005004002793269136,0.0015507565319683653,./results_revised_5h\dqn_Final_Phase_seed_2025.zip
SAC,2025,Final Phase,high_intensity_adaptive_ddos,1250,40,10000,476.904,20.969,40,110460.75058068833,255.81917015917466,79.27918219004279,690.379691129302,1.5988698134948323,0.49549488868776453,0.8595208308719873,0.0018973219521070909,0.0005879861646829407,0.8973285024774071,0.001159102188754594,0.00035920948982039056,0.10267149752259286,0.001159102188754597,0.00035920948982039153,0.14047916912801267,0.0018973219521070904,0.0005879861646829404,0.8757834855822294,0.0015836000055689757,0.0004907627261848226,274.5599682636995,1.34605140553938,0.417145652339192,0.9589845112133879,0.005004002793269136,0.0015507565319683653,./results_revised_5h\sac_Final_Phase_seed_2025.zip
TD3,2025,Final Phase,high_intensity_adaptive_ddos,1250,40,10000,471.629,21.203,40,110460.75058068833,255.81917015917466,79.27918219004279,690.379691129302,1.5988698134948323,0.49549488868776453,0.8595208308719873,0.0018973219521070909,0.0005879861646829407,0.8973285024774071,0.001159102188754594,0.00035920948982039056,0.10267149752259286,0.001159102188754597,0.00035920948982039153,0.14047916912801267,0.0018973219521070904,0.0005879861646829404,0.8757834855822294,0.0015836000055689757,0.0004907627261848226,274.5599682636995,1.34605140553938,0.417145652339192,0.9589845112133879,0.005004002793269136,0.0015507565319683653,./results_revised_5h\td3_Final_Phase_seed_2025.zip
Baseline,2025,Final Phase,high_intensity_adaptive_ddos,0,40,0,0.0,0.0,40,110460.75058068833,255.81917015917466,79.27918219004279,690.379691129302,1.5988698134948323,0.49549488868776453,0.8595208308719873,0.0018973219521070909,0.0005879861646829407,0.8973285024774071,0.001159102188754594,0.00035920948982039056,0.10267149752259286,0.001159102188754597,0.00035920948982039153,0.14047916912801267,0.0018973219521070904,0.0005879861646829404,0.8757834855822294,0.0015836000055689757,0.0004907627261848226,274.5599682636995,1.34605140553938,0.417145652339192,0.9589845112133879,0.005004002793269136,0.0015507565319683653,
